{"https://nodejs.org/api/documentation.html":3,"https://nodejs.org/api/synopsis.html":6,"https://nodejs.org/api/assert.html":16,"https://nodejs.org/api/buffer.html":139,"https://nodejs.org/api/addons.html":26,"https://nodejs.org/api/child_process.html":45,"https://nodejs.org/api/cluster.html":46,"https://nodejs.org/api/cli.html":45,"https://nodejs.org/api/console.html":7,"https://nodejs.org/api/crypto.html":67,"https://nodejs.org/api/debugger.html":3,"https://nodejs.org/api/deprecations.html":2,"https://nodejs.org/api/dns.html":15,"https://nodejs.org/api/domain.html":4,"https://nodejs.org/api/errors.html":3,"https://nodejs.org/api/events.html":23,"https://nodejs.org/api/fs.html":150,"https://nodejs.org/api/globals.html":10,"https://nodejs.org/api/http.html":57,"https://nodejs.org/api/https.html":2,"https://nodejs.org/api/modules.html":5,"https://nodejs.org/api/net.html":39,"https://nodejs.org/api/os.html":32,"https://nodejs.org/api/path.html":11,"https://nodejs.org/api/process.html":58,"https://nodejs.org/api/punycode.html":8,"https://nodejs.org/api/querystring.html":7,"https://nodejs.org/api/readline.html":12,"https://nodejs.org/api/repl.html":11,"https://nodejs.org/api/stream.html":19,"https://nodejs.org/api/string_decoder.html":2,"https://nodejs.org/api/timers.html":6,"https://nodejs.org/api/tls.html":38,"https://nodejs.org/api/tracing.html":2,"https://nodejs.org/api/tty.html":2,"https://nodejs.org/api/dgram.html":30,"https://nodejs.org/api/url.html":7,"https://nodejs.org/api/util.html":78,"https://nodejs.org/api/v8.html":22,"https://nodejs.org/api/vm.html":11,"https://nodejs.org/api/zlib.html":23,"https://nodejs.org/api/index.html":2,"https://nodejs.org/api/all.html":998,"https://nodejs.org/en/":6}