{"https://nodejs.org/api/documentation.html":2,"https://nodejs.org/api/synopsis.html":2,"https://nodejs.org/api/assert.html":90,"https://nodejs.org/api/buffer.html":52,"https://nodejs.org/api/addons.html":15,"https://nodejs.org/api/child_process.html":25,"https://nodejs.org/api/cluster.html":10,"https://nodejs.org/api/cli.html":20,"https://nodejs.org/api/console.html":10,"https://nodejs.org/api/crypto.html":39,"https://nodejs.org/api/debugger.html":11,"https://nodejs.org/api/dns.html":19,"https://nodejs.org/api/domain.html":1,"https://nodejs.org/api/errors.html":4,"https://nodejs.org/api/events.html":15,"https://nodejs.org/api/fs.html":77,"https://nodejs.org/api/globals.html":15,"https://nodejs.org/api/http.html":55,"https://nodejs.org/api/https.html":1,"https://nodejs.org/api/modules.html":22,"https://nodejs.org/api/net.html":43,"https://nodejs.org/api/os.html":6,"https://nodejs.org/api/path.html":8,"https://nodejs.org/api/process.html":54,"https://nodejs.org/api/punycode.html":5,"https://nodejs.org/api/querystring.html":6,"https://nodejs.org/api/readline.html":11,"https://nodejs.org/api/repl.html":21,"https://nodejs.org/api/stream.html":6,"https://nodejs.org/api/string_decoder.html":2,"https://nodejs.org/api/timers.html":12,"https://nodejs.org/api/tls.html":4,"https://nodejs.org/api/dgram.html":18,"https://nodejs.org/api/url.html":6,"https://nodejs.org/api/util.html":6,"https://nodejs.org/api/v8.html":1,"https://nodejs.org/api/vm.html":16,"https://nodejs.org/api/zlib.html":5,"https://nodejs.org/api/all.html":707,"https://nodejs.org/en/":3}