{"https://nodejs.org/api/assert.html":2,"https://nodejs.org/api/buffer.html":26,"https://nodejs.org/api/addons.html":3,"https://nodejs.org/api/child_process.html":4,"https://nodejs.org/api/console.html":1,"https://nodejs.org/api/crypto.html":2,"https://nodejs.org/api/dns.html":4,"https://nodejs.org/api/errors.html":4,"https://nodejs.org/api/events.html":3,"https://nodejs.org/api/fs.html":13,"https://nodejs.org/api/globals.html":1,"https://nodejs.org/api/http.html":2,"https://nodejs.org/api/net.html":4,"https://nodejs.org/api/os.html":1,"https://nodejs.org/api/process.html":5,"https://nodejs.org/api/stream.html":7,"https://nodejs.org/api/tls.html":2,"https://nodejs.org/api/dgram.html":1,"https://nodejs.org/api/vm.html":2,"https://nodejs.org/api/all.html":86,"https://nodejs.org/en/":1}