{"https://nodejs.org/api/child_process.html":1,"https://nodejs.org/api/console.html":8,"https://nodejs.org/api/dns.html":1,"https://nodejs.org/api/domain.html":1,"https://nodejs.org/api/fs.html":3,"https://nodejs.org/api/globals.html":1,"https://nodejs.org/api/http.html":8,"https://nodejs.org/api/net.html":1,"https://nodejs.org/api/process.html":4,"https://nodejs.org/api/readline.html":2,"https://nodejs.org/api/stream.html":2,"https://nodejs.org/api/tls.html":1,"https://nodejs.org/api/util.html":1,"https://nodejs.org/api/all.html":34}