{"https://nodejs.org/api/assert.html":1,"https://nodejs.org/api/buffer.html":9,"https://nodejs.org/api/addons.html":2,"https://nodejs.org/api/child_process.html":5,"https://nodejs.org/api/cluster.html":4,"https://nodejs.org/api/cli.html":5,"https://nodejs.org/api/crypto.html":21,"https://nodejs.org/api/dns.html":4,"https://nodejs.org/api/errors.html":1,"https://nodejs.org/api/events.html":1,"https://nodejs.org/api/fs.html":10,"https://nodejs.org/api/http.html":12,"https://nodejs.org/api/https.html":2,"https://nodejs.org/api/net.html":5,"https://nodejs.org/api/os.html":1,"https://nodejs.org/api/path.html":5,"https://nodejs.org/api/process.html":2,"https://nodejs.org/api/repl.html":1,"https://nodejs.org/api/stream.html":6,"https://nodejs.org/api/tls.html":36,"https://nodejs.org/api/dgram.html":2,"https://nodejs.org/api/util.html":16,"https://nodejs.org/api/vm.html":2,"https://nodejs.org/api/zlib.html":11,"https://nodejs.org/api/all.html":163}