{"https://nodejs.org/api/documentation.html":1,"https://nodejs.org/api/buffer.html":1,"https://nodejs.org/api/addons.html":2,"https://nodejs.org/api/child_process.html":5,"https://nodejs.org/api/cluster.html":1,"https://nodejs.org/api/console.html":2,"https://nodejs.org/api/crypto.html":3,"https://nodejs.org/api/dns.html":1,"https://nodejs.org/api/errors.html":1,"https://nodejs.org/api/fs.html":2,"https://nodejs.org/api/globals.html":1,"https://nodejs.org/api/http.html":4,"https://nodejs.org/api/process.html":2,"https://nodejs.org/api/vm.html":1,"https://nodejs.org/api/zlib.html":7,"https://nodejs.org/api/all.html":33}