{"https://nodejs.org/api/buffer.html":1,"https://nodejs.org/api/cluster.html":2,"https://nodejs.org/api/cli.html":1,"https://nodejs.org/api/console.html":2,"https://nodejs.org/api/crypto.html":10,"https://nodejs.org/api/dns.html":1,"https://nodejs.org/api/http.html":1,"https://nodejs.org/api/net.html":2,"https://nodejs.org/api/process.html":1,"https://nodejs.org/api/stream.html":1,"https://nodejs.org/api/dgram.html":1,"https://nodejs.org/api/vm.html":1,"https://nodejs.org/api/zlib.html":1,"https://nodejs.org/api/all.html":25}