{"https://nodejs.org/api/buffer.html":4,"https://nodejs.org/api/child_process.html":1,"https://nodejs.org/api/crypto.html":2,"https://nodejs.org/api/dns.html":5,"https://nodejs.org/api/errors.html":1,"https://nodejs.org/api/fs.html":1,"https://nodejs.org/api/globals.html":1,"https://nodejs.org/api/modules.html":8,"https://nodejs.org/api/path.html":3,"https://nodejs.org/api/process.html":3,"https://nodejs.org/api/stream.html":3,"https://nodejs.org/api/string_decoder.html":2,"https://nodejs.org/api/tls.html":3,"https://nodejs.org/api/dgram.html":1,"https://nodejs.org/api/zlib.html":1,"https://nodejs.org/api/all.html":39}