{"https://nodejs.org/api/documentation.html":4,"https://nodejs.org/api/assert.html":18,"https://nodejs.org/api/buffer.html":24,"https://nodejs.org/api/addons.html":2,"https://nodejs.org/api/child_process.html":38,"https://nodejs.org/api/cluster.html":8,"https://nodejs.org/api/cli.html":4,"https://nodejs.org/api/console.html":3,"https://nodejs.org/api/crypto.html":15,"https://nodejs.org/api/debugger.html":9,"https://nodejs.org/api/dns.html":8,"https://nodejs.org/api/domain.html":1,"https://nodejs.org/api/errors.html":2,"https://nodejs.org/api/events.html":5,"https://nodejs.org/api/fs.html":92,"https://nodejs.org/api/http.html":8,"https://nodejs.org/api/https.html":5,"https://nodejs.org/api/modules.html":20,"https://nodejs.org/api/net.html":3,"https://nodejs.org/api/os.html":9,"https://nodejs.org/api/path.html":2,"https://nodejs.org/api/process.html":26,"https://nodejs.org/api/querystring.html":2,"https://nodejs.org/api/readline.html":2,"https://nodejs.org/api/repl.html":7,"https://nodejs.org/api/stream.html":5,"https://nodejs.org/api/string_decoder.html":1,"https://nodejs.org/api/timers.html":1,"https://nodejs.org/api/tls.html":18,"https://nodejs.org/api/tty.html":1,"https://nodejs.org/api/dgram.html":1,"https://nodejs.org/api/url.html":2,"https://nodejs.org/api/util.html":4,"https://nodejs.org/api/v8.html":1,"https://nodejs.org/api/vm.html":6,"https://nodejs.org/api/zlib.html":2,"https://nodejs.org/api/all.html":358,"https://nodejs.org/en/":1}