{"https://nodejs.org/api/assert.html":2,"https://nodejs.org/api/buffer.html":12,"https://nodejs.org/api/addons.html":1,"https://nodejs.org/api/child_process.html":4,"https://nodejs.org/api/cluster.html":2,"https://nodejs.org/api/cli.html":7,"https://nodejs.org/api/console.html":2,"https://nodejs.org/api/crypto.html":9,"https://nodejs.org/api/debugger.html":8,"https://nodejs.org/api/dns.html":8,"https://nodejs.org/api/errors.html":3,"https://nodejs.org/api/events.html":4,"https://nodejs.org/api/fs.html":6,"https://nodejs.org/api/globals.html":3,"https://nodejs.org/api/http.html":22,"https://nodejs.org/api/https.html":4,"https://nodejs.org/api/modules.html":13,"https://nodejs.org/api/net.html":10,"https://nodejs.org/api/os.html":21,"https://nodejs.org/api/path.html":2,"https://nodejs.org/api/process.html":5,"https://nodejs.org/api/readline.html":6,"https://nodejs.org/api/repl.html":6,"https://nodejs.org/api/string_decoder.html":1,"https://nodejs.org/api/tls.html":28,"https://nodejs.org/api/dgram.html":2,"https://nodejs.org/api/util.html":18,"https://nodejs.org/api/vm.html":14,"https://nodejs.org/api/zlib.html":1,"https://nodejs.org/api/all.html":223}