{"https://nodejs.org/api/assert.html":5,"https://nodejs.org/api/buffer.html":18,"https://nodejs.org/api/child_process.html":4,"https://nodejs.org/api/cluster.html":3,"https://nodejs.org/api/cli.html":4,"https://nodejs.org/api/crypto.html":1,"https://nodejs.org/api/debugger.html":6,"https://nodejs.org/api/dns.html":6,"https://nodejs.org/api/fs.html":30,"https://nodejs.org/api/http.html":15,"https://nodejs.org/api/https.html":3,"https://nodejs.org/api/modules.html":9,"https://nodejs.org/api/net.html":6,"https://nodejs.org/api/os.html":1,"https://nodejs.org/api/path.html":1,"https://nodejs.org/api/process.html":15,"https://nodejs.org/api/querystring.html":1,"https://nodejs.org/api/readline.html":2,"https://nodejs.org/api/repl.html":2,"https://nodejs.org/api/stream.html":26,"https://nodejs.org/api/tls.html":18,"https://nodejs.org/api/util.html":1,"https://nodejs.org/api/zlib.html":1,"https://nodejs.org/api/all.html":178}