{"https://nodejs.org/api/assert.html":3,"https://nodejs.org/api/buffer.html":20,"https://nodejs.org/api/addons.html":1,"https://nodejs.org/api/child_process.html":7,"https://nodejs.org/api/cluster.html":2,"https://nodejs.org/api/cli.html":5,"https://nodejs.org/api/console.html":8,"https://nodejs.org/api/crypto.html":16,"https://nodejs.org/api/debugger.html":12,"https://nodejs.org/api/deprecations.html":1,"https://nodejs.org/api/dns.html":4,"https://nodejs.org/api/errors.html":1,"https://nodejs.org/api/events.html":1,"https://nodejs.org/api/fs.html":11,"https://nodejs.org/api/http.html":12,"https://nodejs.org/api/https.html":2,"https://nodejs.org/api/modules.html":3,"https://nodejs.org/api/net.html":7,"https://nodejs.org/api/os.html":3,"https://nodejs.org/api/path.html":2,"https://nodejs.org/api/process.html":11,"https://nodejs.org/api/punycode.html":2,"https://nodejs.org/api/readline.html":4,"https://nodejs.org/api/tls.html":1,"https://nodejs.org/api/tty.html":3,"https://nodejs.org/api/url.html":1,"https://nodejs.org/api/util.html":7,"https://nodejs.org/api/v8.html":2,"https://nodejs.org/api/zlib.html":20,"https://nodejs.org/api/all.html":171}