{"https://nodejs.org/api/documentation.html":1,"https://nodejs.org/api/buffer.html":6,"https://nodejs.org/api/cluster.html":3,"https://nodejs.org/api/cli.html":4,"https://nodejs.org/api/crypto.html":1,"https://nodejs.org/api/debugger.html":2,"https://nodejs.org/api/dns.html":6,"https://nodejs.org/api/errors.html":3,"https://nodejs.org/api/fs.html":12,"https://nodejs.org/api/globals.html":1,"https://nodejs.org/api/http.html":10,"https://nodejs.org/api/https.html":2,"https://nodejs.org/api/net.html":5,"https://nodejs.org/api/os.html":1,"https://nodejs.org/api/process.html":5,"https://nodejs.org/api/punycode.html":3,"https://nodejs.org/api/tls.html":3,"https://nodejs.org/api/dgram.html":3,"https://nodejs.org/api/url.html":2,"https://nodejs.org/api/util.html":6,"https://nodejs.org/api/zlib.html":7,"https://nodejs.org/api/all.html":86}