{"https://nodejs.org/api/assert.html":2,"https://nodejs.org/api/buffer.html":6,"https://nodejs.org/api/child_process.html":12,"https://nodejs.org/api/cluster.html":33,"https://nodejs.org/api/cli.html":7,"https://nodejs.org/api/console.html":1,"https://nodejs.org/api/crypto.html":3,"https://nodejs.org/api/debugger.html":1,"https://nodejs.org/api/dns.html":1,"https://nodejs.org/api/events.html":1,"https://nodejs.org/api/fs.html":19,"https://nodejs.org/api/globals.html":1,"https://nodejs.org/api/http.html":12,"https://nodejs.org/api/net.html":4,"https://nodejs.org/api/os.html":1,"https://nodejs.org/api/path.html":1,"https://nodejs.org/api/process.html":16,"https://nodejs.org/api/punycode.html":3,"https://nodejs.org/api/readline.html":14,"https://nodejs.org/api/repl.html":2,"https://nodejs.org/api/tls.html":2,"https://nodejs.org/api/tty.html":10,"https://nodejs.org/api/dgram.html":1,"https://nodejs.org/api/util.html":1,"https://nodejs.org/api/vm.html":2,"https://nodejs.org/api/zlib.html":2,"https://nodejs.org/api/all.html":158}