{"https://nodejs.org/api/buffer.html":14,"https://nodejs.org/api/child_process.html":5,"https://nodejs.org/api/cluster.html":2,"https://nodejs.org/api/cli.html":2,"https://nodejs.org/api/console.html":1,"https://nodejs.org/api/crypto.html":6,"https://nodejs.org/api/deprecations.html":1,"https://nodejs.org/api/dns.html":1,"https://nodejs.org/api/errors.html":1,"https://nodejs.org/api/fs.html":22,"https://nodejs.org/api/http.html":6,"https://nodejs.org/api/net.html":1,"https://nodejs.org/api/os.html":1,"https://nodejs.org/api/path.html":1,"https://nodejs.org/api/process.html":10,"https://nodejs.org/api/querystring.html":2,"https://nodejs.org/api/repl.html":1,"https://nodejs.org/api/stream.html":2,"https://nodejs.org/api/string_decoder.html":3,"https://nodejs.org/api/tls.html":1,"https://nodejs.org/api/tty.html":3,"https://nodejs.org/api/dgram.html":3,"https://nodejs.org/api/util.html":1,"https://nodejs.org/api/zlib.html":22,"https://nodejs.org/api/all.html":112}