{"https://nodejs.org/api/documentation.html":2,"https://nodejs.org/api/synopsis.html":2,"https://nodejs.org/api/assert.html":3,"https://nodejs.org/api/buffer.html":9,"https://nodejs.org/api/addons.html":2,"https://nodejs.org/api/child_process.html":5,"https://nodejs.org/api/cluster.html":5,"https://nodejs.org/api/cli.html":3,"https://nodejs.org/api/console.html":3,"https://nodejs.org/api/crypto.html":8,"https://nodejs.org/api/debugger.html":2,"https://nodejs.org/api/deprecations.html":2,"https://nodejs.org/api/dns.html":3,"https://nodejs.org/api/domain.html":2,"https://nodejs.org/api/errors.html":2,"https://nodejs.org/api/events.html":5,"https://nodejs.org/api/fs.html":2,"https://nodejs.org/api/globals.html":4,"https://nodejs.org/api/http.html":12,"https://nodejs.org/api/https.html":3,"https://nodejs.org/api/modules.html":2,"https://nodejs.org/api/net.html":10,"https://nodejs.org/api/os.html":7,"https://nodejs.org/api/path.html":4,"https://nodejs.org/api/process.html":7,"https://nodejs.org/api/punycode.html":2,"https://nodejs.org/api/querystring.html":2,"https://nodejs.org/api/readline.html":2,"https://nodejs.org/api/repl.html":2,"https://nodejs.org/api/stream.html":29,"https://nodejs.org/api/string_decoder.html":3,"https://nodejs.org/api/timers.html":6,"https://nodejs.org/api/tls.html":4,"https://nodejs.org/api/tracing.html":2,"https://nodejs.org/api/tty.html":2,"https://nodejs.org/api/dgram.html":7,"https://nodejs.org/api/url.html":2,"https://nodejs.org/api/util.html":2,"https://nodejs.org/api/v8.html":2,"https://nodejs.org/api/vm.html":2,"https://nodejs.org/api/zlib.html":4,"https://nodejs.org/api/index.html":2,"https://nodejs.org/api/all.html":102,"https://nodejs.org/en/":1}