{"https://nodejs.org/api/addons.html":1,"https://nodejs.org/api/console.html":1,"https://nodejs.org/api/errors.html":2,"https://nodejs.org/api/fs.html":3,"https://nodejs.org/api/http.html":1,"https://nodejs.org/api/os.html":1,"https://nodejs.org/api/path.html":1,"https://nodejs.org/api/punycode.html":1,"https://nodejs.org/api/querystring.html":1,"https://nodejs.org/api/readline.html":1,"https://nodejs.org/api/repl.html":1,"https://nodejs.org/api/stream.html":1,"https://nodejs.org/api/string_decoder.html":1,"https://nodejs.org/api/tls.html":1,"https://nodejs.org/api/tty.html":1,"https://nodejs.org/api/url.html":1,"https://nodejs.org/api/util.html":1,"https://nodejs.org/api/v8.html":1,"https://nodejs.org/api/vm.html":1,"https://nodejs.org/api/zlib.html":1,"https://nodejs.org/api/all.html":22}