{"https://nodejs.org/api/addons.html":11,"https://nodejs.org/api/cluster.html":1,"https://nodejs.org/api/crypto.html":2,"https://nodejs.org/api/debugger.html":1,"https://nodejs.org/api/domain.html":10,"https://nodejs.org/api/events.html":2,"https://nodejs.org/api/http.html":2,"https://nodejs.org/api/modules.html":3,"https://nodejs.org/api/process.html":2,"https://nodejs.org/api/repl.html":2,"https://nodejs.org/api/stream.html":2,"https://nodejs.org/api/tls.html":1,"https://nodejs.org/api/dgram.html":2,"https://nodejs.org/api/all.html":35}