{"https://nodejs.org/api/documentation.html":2,"https://nodejs.org/api/assert.html":14,"https://nodejs.org/api/buffer.html":27,"https://nodejs.org/api/addons.html":4,"https://nodejs.org/api/child_process.html":24,"https://nodejs.org/api/cluster.html":32,"https://nodejs.org/api/cli.html":41,"https://nodejs.org/api/console.html":9,"https://nodejs.org/api/crypto.html":74,"https://nodejs.org/api/dns.html":16,"https://nodejs.org/api/domain.html":4,"https://nodejs.org/api/errors.html":2,"https://nodejs.org/api/events.html":33,"https://nodejs.org/api/fs.html":87,"https://nodejs.org/api/globals.html":18,"https://nodejs.org/api/http.html":94,"https://nodejs.org/api/https.html":10,"https://nodejs.org/api/modules.html":10,"https://nodejs.org/api/net.html":69,"https://nodejs.org/api/os.html":18,"https://nodejs.org/api/path.html":14,"https://nodejs.org/api/process.html":53,"https://nodejs.org/api/punycode.html":8,"https://nodejs.org/api/querystring.html":4,"https://nodejs.org/api/readline.html":22,"https://nodejs.org/api/repl.html":8,"https://nodejs.org/api/stream.html":39,"https://nodejs.org/api/string_decoder.html":3,"https://nodejs.org/api/timers.html":8,"https://nodejs.org/api/tls.html":49,"https://nodejs.org/api/tty.html":8,"https://nodejs.org/api/dgram.html":23,"https://nodejs.org/api/url.html":3,"https://nodejs.org/api/util.html":28,"https://nodejs.org/api/v8.html":4,"https://nodejs.org/api/vm.html":10,"https://nodejs.org/api/zlib.html":35,"https://nodejs.org/api/all.html":905}