{"https://nodejs.org/api/buffer.html":3,"https://nodejs.org/api/addons.html":2,"https://nodejs.org/api/child_process.html":6,"https://nodejs.org/api/console.html":2,"https://nodejs.org/api/crypto.html":2,"https://nodejs.org/api/events.html":2,"https://nodejs.org/api/fs.html":1,"https://nodejs.org/api/http.html":3,"https://nodejs.org/api/https.html":1,"https://nodejs.org/api/os.html":1,"https://nodejs.org/api/process.html":15,"https://nodejs.org/api/repl.html":1,"https://nodejs.org/api/stream.html":10,"https://nodejs.org/api/tty.html":2,"https://nodejs.org/api/dgram.html":2,"https://nodejs.org/api/url.html":1,"https://nodejs.org/api/util.html":2,"https://nodejs.org/api/all.html":54}