{"https://nodejs.org/api/documentation.html":1,"https://nodejs.org/api/synopsis.html":1,"https://nodejs.org/api/assert.html":1,"https://nodejs.org/api/buffer.html":1,"https://nodejs.org/api/addons.html":24,"https://nodejs.org/api/child_process.html":1,"https://nodejs.org/api/cluster.html":1,"https://nodejs.org/api/cli.html":1,"https://nodejs.org/api/console.html":1,"https://nodejs.org/api/crypto.html":1,"https://nodejs.org/api/debugger.html":1,"https://nodejs.org/api/deprecations.html":1,"https://nodejs.org/api/dns.html":1,"https://nodejs.org/api/domain.html":1,"https://nodejs.org/api/errors.html":1,"https://nodejs.org/api/events.html":1,"https://nodejs.org/api/fs.html":1,"https://nodejs.org/api/globals.html":2,"https://nodejs.org/api/http.html":1,"https://nodejs.org/api/https.html":1,"https://nodejs.org/api/modules.html":1,"https://nodejs.org/api/net.html":1,"https://nodejs.org/api/os.html":1,"https://nodejs.org/api/path.html":1,"https://nodejs.org/api/process.html":1,"https://nodejs.org/api/punycode.html":1,"https://nodejs.org/api/querystring.html":1,"https://nodejs.org/api/readline.html":1,"https://nodejs.org/api/repl.html":1,"https://nodejs.org/api/stream.html":1,"https://nodejs.org/api/string_decoder.html":1,"https://nodejs.org/api/timers.html":1,"https://nodejs.org/api/tls.html":1,"https://nodejs.org/api/tracing.html":1,"https://nodejs.org/api/tty.html":1,"https://nodejs.org/api/dgram.html":1,"https://nodejs.org/api/url.html":1,"https://nodejs.org/api/util.html":1,"https://nodejs.org/api/v8.html":1,"https://nodejs.org/api/vm.html":1,"https://nodejs.org/api/zlib.html":1,"https://nodejs.org/api/index.html":2,"https://nodejs.org/api/all.html":4}